TARGET_CLASS,configuration_id,criterion,ctg_min_time_per_job,ctg_schedule,search_budget,p_object_pool,ctg_time_per_class,Size,Length,Total_Time,Random_Seed,LineCoverage,LineCoverageBitString,BranchCoverage,BranchCoverageBitString,ExceptionCoverage,ExceptionCoverageBitString,Explicit_MethodExceptions,Explicit_TypeExceptions,Implicit_MethodExceptions,Implicit_TypeExceptions,WeakMutationScore,WeakMutationCoverageBitString,OutputCoverage,OutputCoverageBitString,MethodCoverage,MethodCoverageBitString,MethodNoExceptionCoverage,MethodNoExceptionCoverageBitString,CBranchCoverage,CBranchCoverageBitString
com.rac021.jax.api.analyzer.SqlAnalyzer,default,LINE;BRANCH;EXCEPTION;WEAKMUTATION;OUTPUT;METHOD;METHODNOEXCEPTION;CBRANCH,1,BUDGET,135,0.3,2,17,46,161077,1526311580485,0.3333333333333333,111100000011111111100000000000000000000000001111111111111111111111110000000000000000000000001111100000001101000000000000000000011000000000000,0.2727272727272727,11110000000000111100000000000011000000110000,0.875,11011111,2,1,5,2,0.2413793103448276,111111111111111111100000000000000000000000000000000000000000000000000011111100000000111111111100000000000000000000000000000000000000000000000011111100000000000000001000000000,0.46153846153846156,11011111011100000110000000,1.0,111111,0.8333333333333334,111110,0.2727272727272727,11110000000000111100000000000011000000110000
