TARGET_CLASS,configuration_id,criterion,ctg_min_time_per_job,ctg_schedule,search_budget,p_object_pool,ctg_time_per_class,Size,Length,Total_Time,Random_Seed,LineCoverage,LineCoverageBitString,BranchCoverage,BranchCoverageBitString,ExceptionCoverage,ExceptionCoverageBitString,Explicit_MethodExceptions,Explicit_TypeExceptions,Implicit_MethodExceptions,Implicit_TypeExceptions,WeakMutationScore,WeakMutationCoverageBitString,OutputCoverage,OutputCoverageBitString,MethodCoverage,MethodCoverageBitString,MethodNoExceptionCoverage,MethodNoExceptionCoverageBitString,CBranchCoverage,CBranchCoverageBitString
com.rac021.jax.api.analyzer.Lexer,default,LINE;BRANCH;EXCEPTION;WEAKMUTATION;OUTPUT;METHOD;METHODNOEXCEPTION;CBRANCH,1,BUDGET,232,0.3,2,19,69,255597,1526311580498,0.9066666666666666,000111111111111111111111111111111110111111011111111111111111101111111111101,0.8902439024390244,1111111101111111111111110110011011111111111111111111111111111111100011111111111101,1.0,11,0,0,2,1,0.9316037735849056,1111111111111111111111111101111111111111111111111111111111111111111111111111111111111111111111111111111111111111111111111111111111111111111111111111111111111111111111111111111111111111111111111111111111111111111111111111111111111111111111111111111111111100101111111011111111011111110111111101111111011111110111111101111111011111111111011111111111111111101111111011111111111101111111111111110111111111101000000000011111101111,0.5294117647058824,11011011001010010,1.0,111,1.0,111,0.8902439024390244,1101111111011111111111111101011011111111111111111111111111111111100011111111111110
